s.no,category,rating,label,text_
0,Home_and_Kitchen_5,5,1,love well made sturdi comfort i love veri pretti
1,Home_and_Kitchen_5,5,1,love great upgrad origin i 've mine coupl year
2,Home_and_Kitchen_5,5,1,thi pillow save back i love look feel pillow
3,Home_and_Kitchen_5,1,1,miss inform use great product price i
4,Home_and_Kitchen_5,5,1,veri nice set good qualiti we set two month
5,Home_and_Kitchen_5,3,1,i want differ flavor but they are not
6,Home_and_Kitchen_5,5,1,they perfect touch thing i wish littl space
7,Home_and_Kitchen_5,3,1,these done fit well look great i love smooth edg extra
8,Home_and_Kitchen_5,5,1,great big number easi read thing i n't like size
9,Home_and_Kitchen_5,5,1,my son love comfort well made we also babi
10,Home_and_Kitchen_5,5,1,a advertis 5th one i 've the problem 's realli
11,Home_and_Kitchen_5,5,1,veri handi one kid tool includ packag i one
12,Home_and_Kitchen_5,5,1,did someon say `` orient '' it great product
13,Home_and_Kitchen_5,1,1,these flimsi they qualiti would expect piec furnitur
14,Home_and_Kitchen_5,5,1,make may tea stir the problem 's kind hard put
15,Home_and_Kitchen_5,5,1,absolut ador and excel price we wooden one month
16,Home_and_Kitchen_5,5,1,love perfect size entir famili veri good qualiti
17,Home_and_Kitchen_5,5,1,these look beauti nice the problem 's realli mesh one
18,Home_and_Kitchen_5,5,1,exactli would expect i love look feel pillow
19,Home_and_Kitchen_5,5,1,star i would highli recommend item we love blanket
20,Home_and_Kitchen_5,5,1,great littl egg masher we month 's
21,Home_and_Kitchen_5,5,1,a advertis easi use love color also dimens
22,Home_and_Kitchen_5,5,1,exactli pictur i love look feel pillow
23,Home_and_Kitchen_5,5,1,fantast i want i love look feel pillow
24,Home_and_Kitchen_5,5,1,suppos come extra hardwar the problem 's realli vacuum
25,Home_and_Kitchen_5,5,1,easi use seem easi way make smoothi small person
26,Home_and_Kitchen_5,2,1,not i accustom the reason i gave star i
27,Home_and_Kitchen_5,5,1,nice product seller ye thin plastic piec howev handl
28,Home_and_Kitchen_5,5,1,so good bought second set look like first one i sure
29,Home_and_Kitchen_5,5,1,wonder aroma throughout hous the problem 's kind hard put
30,Home_and_Kitchen_5,5,1,receiv time flat i love look my husband like
31,Home_and_Kitchen_5,3,1,these okay nice one i got local store
32,Home_and_Kitchen_5,3,1,gave away thought would good addit kitchen i
33,Home_and_Kitchen_5,4,1,product fine wish option separ handl
34,Home_and_Kitchen_5,5,1,awesom i say materi good qualiti decent
35,Home_and_Kitchen_5,3,1,way heavi everyday use the reason i gave star one
36,Home_and_Kitchen_5,5,1,well made work great we wooden part cup coupl
37,Home_and_Kitchen_5,5,1,bought go old suction cup i also love remov
38,Home_and_Kitchen_5,5,1,just expect look great design make nice place babi
39,Home_and_Kitchen_5,1,1,aw experi everyth stuck cook evenli the problem 's realli
40,Home_and_Kitchen_5,5,1,doe great job keep suction i also love n't slide
41,Home_and_Kitchen_5,2,1,sheet color is nice buy for my size for my town
42,Home_and_Kitchen_5,5,1,save instead origin ship box i keep money veri pretti
43,Home_and_Kitchen_5,5,1,these towel real nice i love feel they nice feel
44,Home_and_Kitchen_5,5,1,work great easi clean easi clean i purchas veri pretti
45,Home_and_Kitchen_5,3,1,alright price littl disappoint qualiti product
46,Home_and_Kitchen_5,4,1,great qualiti beauti color we one month love
47,Home_and_Kitchen_5,1,1,i put paper one corner cabinet put piec paper corner
48,Home_and_Kitchen_5,5,1,great sticker littl small the reason i gave star one
49,Home_and_Kitchen_5,5,1,great qualiti fabric look great it thick enough hold small amount coffe
50,Home_and_Kitchen_5,5,1,perfect they exactli i need i keep long time
51,Home_and_Kitchen_5,5,1,love movi time took finish i keep review next time
52,Home_and_Kitchen_5,1,1,will seal properli atroci littl one feel like break throw
53,Home_and_Kitchen_5,5,1,got third time i small dog son love throw
54,Home_and_Kitchen_5,5,1,excel product much better qualiti one get walmart
55,Home_and_Kitchen_5,5,0,these perfect exactli i look
56,Home_and_Kitchen_5,5,0,such great purchas ca n't beat price
57,Home_and_Kitchen_5,5,0,what say -- cheap work intend
58,Home_and_Kitchen_5,5,0,these nice sturdi like color choic
59,Home_and_Kitchen_5,5,0,it nice bowl fast ship
60,Home_and_Kitchen_5,5,0,great cup will last forev keep thing cool warm
61,Home_and_Kitchen_5,5,0,love thought would bit bigger
62,Home_and_Kitchen_5,5,0,excel qualiti product perfect ccozinha
63,Home_and_Kitchen_5,5,0,thi fan realli pretti i actual use
64,Home_and_Kitchen_5,1,0,super rough soft wash cloth like bar towel
65,Home_and_Kitchen_5,5,0,like littl guy use often he small
66,Home_and_Kitchen_5,5,0,perfect size .easi unfold topremov storag love
67,Home_and_Kitchen_5,1,0,doe good job difficult use
68,Home_and_Kitchen_5,5,0,frame beauti craft look great pictur
69,Home_and_Kitchen_5,5,0,my hot cocoa final perfect thi product fabul
70,Home_and_Kitchen_5,5,0,bought friend love
71,Home_and_Kitchen_5,5,0,veri soft great qualiti low price
72,Home_and_Kitchen_5,5,0,purchas christma gift she love
73,Home_and_Kitchen_5,5,0,accur descript work great came time 'm happi
74,Home_and_Kitchen_5,5,0,use duvet cover fluffi perfect fit
75,Home_and_Kitchen_5,5,0,one softest blanket ever so nice cozi
76,Home_and_Kitchen_5,5,0,smell great fine mist dri quickli my favorit
77,Home_and_Kitchen_5,5,0,exactli i expect perfect curtain bedroom
78,Home_and_Kitchen_5,4,0,just i want hang pant skirt
79,Home_and_Kitchen_5,3,0,it 's kind small look someth larger
80,Home_and_Kitchen_5,4,0,a littl pricey
81,Home_and_Kitchen_5,5,0,work great charg kept day long
82,Home_and_Kitchen_5,5,0,thi nice qualiti frame good price
83,Home_and_Kitchen_5,3,0,doe job noth special not hard instal
84,Home_and_Kitchen_5,5,0,item describ arriv time manner
85,Home_and_Kitchen_5,3,0,bought sent one back n't work
86,Home_and_Kitchen_5,5,0,made well hold make brush pencil mascara etc
87,Home_and_Kitchen_5,1,0,shed would buy ever blanket
88,Home_and_Kitchen_5,5,0,work great 's pyrex i 'd expect noth le
89,Home_and_Kitchen_5,5,0,like littl open real easi hand
90,Home_and_Kitchen_5,5,0,perfect love everyth look great kitchen
91,Home_and_Kitchen_5,5,0,air tight work great glad got
92,Home_and_Kitchen_5,5,0,veri cute good qualiti fabric zipper work well
93,Home_and_Kitchen_5,5,0,these great send grandkid halloween treat
94,Home_and_Kitchen_5,5,0,save ton use instead paper towel
95,Home_and_Kitchen_5,2,0,these weak they bare bring air
96,Home_and_Kitchen_5,5,0,great set glass good qualiti comfort handl
97,Home_and_Kitchen_5,4,0,it feel cool touch super hard
98,Home_and_Kitchen_5,5,0,so cute made well grand daughter love
99,Home_and_Kitchen_5,5,0,work expect connect cctv power suppli camera
100,Home_and_Kitchen_5,5,0,veri soft definit better qualiti i expect
101,Home_and_Kitchen_5,5,0,nice contemporari great price easi assembl
102,Home_and_Kitchen_5,5,0,super cute appear great qualiti highli recommend
103,Home_and_Kitchen_5,5,0,these realli cool actual my boyfriend love
104,Home_and_Kitchen_5,5,0,bought gift cousin veri nice
105,Home_and_Kitchen_5,1,0,stop work one use still wait refund
106,Home_and_Kitchen_5,4,0,cute reason price i happi purchas
107,Home_and_Kitchen_5,5,0,well receiv comfort gave gift dialysi patient
108,Home_and_Kitchen_5,2,0,expect poor qualiti
109,Home_and_Kitchen_5,5,0,easi review the kid dd love thank
110,Home_and_Kitchen_5,3,1,realli ruff foot feel sturdi i keep foot chair
111,Home_and_Kitchen_5,5,1,order place special photo wall we 've coupl week
112,Home_and_Kitchen_5,5,1,babi like thermal insul help keep food warmer the thermal insul help keep
113,Home_and_Kitchen_5,4,1,i like wish wide open i also love 's made
114,Home_and_Kitchen_5,5,1,i love pyrex qualiti set best i purchas futur
115,Home_and_Kitchen_5,5,1,perfect addit storag conveni the problem 's realli vacuum
116,Home_and_Kitchen_5,5,1,these smell great i 'm pretti happi qualiti qualiti product thi
117,Home_and_Kitchen_5,2,1,the turquois almost neon it 's bright pink
118,Home_and_Kitchen_5,5,1,easi hold materi nice thick i keep shelv order
119,Home_and_Kitchen_5,5,1,work great chocol yogurt fruit i also love 's remov
120,Home_and_Kitchen_5,5,1,love i think i buy more.veri nice set knive i one
121,Home_and_Kitchen_5,5,1,nice small ottoman not big small
122,Home_and_Kitchen_5,5,1,look great kitchen the problem 's kind hard put
123,Home_and_Kitchen_5,5,1,bought father 's day gift 's i need i love
124,Home_and_Kitchen_5,5,1,great winter month soft comfort i 've slept week
125,Home_and_Kitchen_5,3,1,nice soft sheet i find difficult put bed warm
126,Home_and_Kitchen_5,5,1,thi beauti made sturdi comfort chair it comfort function
127,Home_and_Kitchen_5,3,1,need buy two go wide wooden leg bed i one
128,Home_and_Kitchen_5,5,1,veri nice sturdi i use long-term storag contain small bag
129,Home_and_Kitchen_5,5,1,just good original-typ contain wooden handl smooth solid handl fit
130,Home_and_Kitchen_5,5,1,excel grill look nice the problem 's realli vacuum
131,Home_and_Kitchen_5,5,1,nice larg sturdi canva tote 's lightweight comfort
132,Home_and_Kitchen_5,5,1,good qualiti good price i love look feel pillow
133,Home_and_Kitchen_5,1,1,i order light blue arriv small open the yellow
134,Home_and_Kitchen_5,5,1,purchas gift we one two month 's
135,Home_and_Kitchen_5,5,1,veri good price product i month use everi
136,Home_and_Kitchen_5,5,1,get shampoo /or condition want i keep shower
137,Home_and_Kitchen_5,5,1,thi mini-chair not real chair it full chair comfort
138,Home_and_Kitchen_5,5,1,happi purchas we mattress month one
139,Home_and_Kitchen_5,5,1,work great keep light the problem 's kind hard put
140,Home_and_Kitchen_5,5,1,bought son colleg love veri good qualiti
141,Home_and_Kitchen_5,1,1,terribl complet wast money not whole lot say
142,Home_and_Kitchen_5,4,1,it look nice bedroom materi good i larg one
143,Home_and_Kitchen_5,5,1,easi put togeth look nice finish good i larg one
144,Home_and_Kitchen_5,5,1,just i expect made real differ qualiti kitchen thi pretti
145,Home_and_Kitchen_5,5,1,i 'm glad i got set great deal price
146,Home_and_Kitchen_5,5,1,do job ador qualiti make nice addit kitchen
147,Home_and_Kitchen_5,2,1,too much work thi easi way make smoothi perfect
148,Home_and_Kitchen_5,3,1,just okay did fit contain well we love blanket
149,Home_and_Kitchen_5,5,1,a far littl plastic 's fine i 'm sure well hold
150,Home_and_Kitchen_5,5,1,so nice gift friend we love blanket
151,Home_and_Kitchen_5,4,1,skinnier i thought but qualiti design lot product
152,Home_and_Kitchen_5,5,1,veri quick ship excel custom servic great valu money thi great littl
153,Home_and_Kitchen_5,5,1,work great design make easi hang nice size size
154,Home_and_Kitchen_5,5,1,perfect work oven right height i also love 's remov
155,Home_and_Kitchen_5,5,1,servic great ca n't wait tri veri good qualiti
156,Home_and_Kitchen_5,5,1,arriv quickli perfect size long haul i also larg one
157,Home_and_Kitchen_5,1,1,cheap china not big deal littl pricey
158,Home_and_Kitchen_5,4,1,gave mother gift the qualiti good 's realli best one
159,Home_and_Kitchen_5,3,1,great spice anyth el not good enough.nic sturdi function
160,Home_and_Kitchen_5,1,0,my car smell differ week snake oil
161,Home_and_Kitchen_5,5,0,thi pillow cushion well construct easili wash veri comfort
162,Home_and_Kitchen_5,5,0,have n't use big one small one work great
163,Home_and_Kitchen_5,5,0,take mysteri meat finish cook
164,Home_and_Kitchen_5,3,0,it nice organ larg enough utensil
165,Home_and_Kitchen_5,5,0,work perfectli easi put art hang
166,Home_and_Kitchen_5,5,0,great littl rug i 'd buy differ color
167,Home_and_Kitchen_5,4,0,hold gift wrap longer tube disappoint
168,Home_and_Kitchen_5,4,0,belt never last long enough seem work okay
169,Home_and_Kitchen_5,5,0,such great price le expens rent great qualiti
170,Home_and_Kitchen_5,4,0,good price n't soften much wash
171,Home_and_Kitchen_5,5,0,i love sheet goe great star quilt
172,Home_and_Kitchen_5,5,0,great mug bigger i thought would
173,Home_and_Kitchen_5,5,0,i gave gift daughter love
174,Home_and_Kitchen_5,5,0,these great great space saver laundri room
175,Home_and_Kitchen_5,5,0,veri flexibl lead edg quit help condit
176,Home_and_Kitchen_5,1,0,bottom stay ..... zero custom servic buy
177,Home_and_Kitchen_5,4,0,veri nice eleg glass improv tast wine
178,Home_and_Kitchen_5,5,0,excel product side sleeper perfect
179,Home_and_Kitchen_5,5,0,when oven make great place mat
180,Home_and_Kitchen_5,5,0,love cute new bathroom
181,Home_and_Kitchen_5,5,0,exactli pictur sturdi perfect bake cook need
182,Home_and_Kitchen_5,5,0,top notch artistri done bust grand jester studio
183,Home_and_Kitchen_5,5,0,love i get mani comment spoon
184,Home_and_Kitchen_5,5,0,did expect tabl nice thank
185,Home_and_Kitchen_5,5,0,great product arriv time match shower curtain perfectli
186,Home_and_Kitchen_5,5,0,nice secondari vacuum small apart reach tight area
187,Home_and_Kitchen_5,5,0,good size good valu money look great bar
188,Home_and_Kitchen_5,3,0,somewhat hard clean conveni i hope
189,Home_and_Kitchen_5,5,0,work great batteri candl brand
190,Home_and_Kitchen_5,3,0,ok pillow kind hard firm soft
191,Home_and_Kitchen_5,5,0,perfect beyond easi use minim effort fast perfect froth
192,Home_and_Kitchen_5,5,0,love item i smile everi time i i use
193,Home_and_Kitchen_5,5,0,fleec blanket cozi warm it exactli i want
194,Home_and_Kitchen_5,3,0,notic today top i 'd bubbl glass set
195,Home_and_Kitchen_5,3,0,great weigh lb oz gram fast ship
196,Home_and_Kitchen_5,5,0,these great i order longer size
197,Home_and_Kitchen_5,5,0,nice stick use almost everi meal good pho
198,Home_and_Kitchen_5,5,0,thi one best thing i ever bought
199,Home_and_Kitchen_5,4,0,love small would love larger size
200,Home_and_Kitchen_5,5,0,perfect candi buffet certainli multipurpos
201,Home_and_Kitchen_5,5,0,work perfect use ev cord garag
202,Home_and_Kitchen_5,1,0,do wast money it broke one month
203,Home_and_Kitchen_5,4,0,a littl tacki shelf spare bathroom
204,Home_and_Kitchen_5,3,0,help cool memori mattress littl lot
205,Home_and_Kitchen_5,5,0,thi perfect i wish i would order earlier
206,Home_and_Kitchen_5,5,0,excel packag fast ship super qualiti right price
207,Home_and_Kitchen_5,4,0,good mix favorit still goloka nag champa
208,Home_and_Kitchen_5,5,0,just bride want came nice engrav
209,Home_and_Kitchen_5,4,0,the color slightli differ i got websit pictur look better
210,Home_and_Kitchen_5,5,1,realli great soft warm i love feel blanket
211,Home_and_Kitchen_5,1,1,le then year old but no more i 've mine month
212,Home_and_Kitchen_5,5,1,it 's pint and 's pint it 's also pint
213,Home_and_Kitchen_5,5,1,perfect i need i love look feel pillow
214,Home_and_Kitchen_5,5,1,bought pick old mattress nice piec equip
215,Home_and_Kitchen_5,2,1,plastic ring either gone destroy piec i keep old one gift
216,Home_and_Kitchen_5,4,1,nice troubl look finish bit thin best qualiti
217,Home_and_Kitchen_5,5,1,great seller item like it.great qualiti i need kitchen
218,Home_and_Kitchen_5,5,1,veri cute go not big small
219,Home_and_Kitchen_5,5,1,look high end feel nice the problem 's kind hard put
220,Home_and_Kitchen_5,5,1,thi mug veri nice i love look feel size
221,Home_and_Kitchen_5,4,1,it work realli well look great materi good i larg one
222,Home_and_Kitchen_5,5,1,order gift arriv time i keep review next
223,Home_and_Kitchen_5,4,1,beauti calm light not sure we love blanket
224,Home_and_Kitchen_5,1,1,i like clock although design flaw littl hard read
225,Home_and_Kitchen_5,5,1,exactli advertis better qualiti origin we love blanket
226,Home_and_Kitchen_5,5,1,perfect solut sort mess tool i also love 's remov
227,Home_and_Kitchen_5,5,1,cute item go go wide wooden leg nice dinner tabl
228,Home_and_Kitchen_5,4,1,beautiou the perfect wall clock it 's good size look great
229,Home_and_Kitchen_5,2,1,just ok. am buy second set.i love contain they work well look
230,Home_and_Kitchen_5,5,1,great comfort especi go i keep shelv order
231,Home_and_Kitchen_5,5,1,it 's nice fit right qualiti good the reason i
232,Home_and_Kitchen_5,5,1,these nice mug they long fit nice shelv
233,Home_and_Kitchen_5,5,1,easi assembl arriv time describ my husband i
234,Home_and_Kitchen_5,5,1,i bought one daughter comfort she also love way bed
235,Home_and_Kitchen_5,5,1,wife love pack piec perfect
236,Home_and_Kitchen_5,5,1,i love crockpot perfect wide varieti contain
237,Home_and_Kitchen_5,5,1,i hang look nice i 've also use hour
238,Home_and_Kitchen_5,5,1,use second set glass i thought would nice addit kitchen
239,Home_and_Kitchen_5,5,1,big mirror fit perfectli cabinet i 've also use year
240,Home_and_Kitchen_5,4,1,pretti good quit piec small i would recommend
241,Home_and_Kitchen_5,5,1,thi second one i bought nice piec equip
242,Home_and_Kitchen_5,5,1,perfect size hang wreath easi use effici way make small wreath
243,Home_and_Kitchen_5,5,1,i ador bowl ca n't wait make next batch cold drink thi
244,Home_and_Kitchen_5,5,1,they work great i also use measur cup measur cupcak
245,Home_and_Kitchen_5,5,1,nice fit hand i love feel fabric the color
246,Home_and_Kitchen_5,4,1,great price we month use everi
247,Home_and_Kitchen_5,5,1,i bought bottl wine i love i also like fact
248,Home_and_Kitchen_5,5,1,good pad nice qualiti i love feel fabric i would buy
249,Home_and_Kitchen_5,5,1,i love popcorn machin i love popcorn i keep popcorn one
250,Home_and_Kitchen_5,3,1,nice size contain littl small cup tea.veri pretti
251,Home_and_Kitchen_5,5,1,much easier use ca n't go wrong product i keep review next
252,Home_and_Kitchen_5,5,1,great open look nice countertop i keep open drawer
253,Home_and_Kitchen_5,5,1,love wish handl wide veri good qualiti
254,Home_and_Kitchen_5,1,1,seem defect seal the way fix throw contain
255,Home_and_Kitchen_5,4,1,work great but boy i love fact ca n't turn
256,Home_and_Kitchen_5,5,1,these sturdi snap place comfort the reason i gave
257,Home_and_Kitchen_5,5,1,these work well the problem small one i
258,Home_and_Kitchen_5,5,0,great color feel soft great price i would recommend
259,Home_and_Kitchen_5,4,0,veri small work n't lot space
260,Home_and_Kitchen_5,1,0,burn hell hand doe n't work high temp
261,Home_and_Kitchen_5,5,0,work fast replac one i broke
262,Home_and_Kitchen_5,5,0,thi shower curtain beauti nice fabric look great bathroom
263,Home_and_Kitchen_5,4,0,use work staff hold well
264,Home_and_Kitchen_5,5,0,great mug husband say one favorit
265,Home_and_Kitchen_5,5,0,work great small space i closet
266,Home_and_Kitchen_5,3,0,wa gift n't know it beauti
267,Home_and_Kitchen_5,5,0,thi product actual work tri use definit differ
268,Home_and_Kitchen_5,5,0,veri happi qualiti merchandis speedi deliveri
269,Home_and_Kitchen_5,5,0,american made love i need match measur cup
270,Home_and_Kitchen_5,3,0,not enough whole pie would need two three set
271,Home_and_Kitchen_5,5,0,veri impress qualiti it great size bag durabl
272,Home_and_Kitchen_5,5,0,doe suppos hot water flash
273,Home_and_Kitchen_5,4,0,fantast goblet store lot fluid like wine beer
274,Home_and_Kitchen_5,5,0,doe n't get warm even sit hour
275,Home_and_Kitchen_5,5,0,i ca n't believ low price qualiti love
276,Home_and_Kitchen_5,4,0,thi reorder rate whwn origin purchas
277,Home_and_Kitchen_5,5,0,make good cup coffe take cup
278,Home_and_Kitchen_5,5,0,i order husband ... love set ... especi noodl strainer
279,Home_and_Kitchen_5,1,0,plastic thread socket bulb sent fit
280,Home_and_Kitchen_5,3,0,nice n't total unpack yet gift styrofoam place
281,Home_and_Kitchen_5,2,0,n't last long pull along otherwis 's ok
282,Home_and_Kitchen_5,5,0,exactli i look love clear
283,Home_and_Kitchen_5,5,0,these great toilet brush holder sleek design appear well made
284,Home_and_Kitchen_5,5,0,excel servic arriv quickli promis thi love lamp
285,Home_and_Kitchen_5,5,0,i love small littl cooki cutter job perfectli
286,Home_and_Kitchen_5,4,0,make keep track shoe easier floor visibl
287,Home_and_Kitchen_5,5,0,wonder product ship promptli order ten set gift
288,Home_and_Kitchen_5,3,0,slow toast rye bread becom rock hard 's toast
289,Home_and_Kitchen_5,3,0,i find bit soft overal 's ok
290,Home_and_Kitchen_5,4,0,i bought one corner broken
291,Home_and_Kitchen_5,5,0,i want the perfect pasta cereal ice cream soup bowl ever perfect size cereal
292,Home_and_Kitchen_5,5,0,i love blue air product filter cover awesom
293,Home_and_Kitchen_5,5,0,love good qualiti nice soft night light nois variat
294,Home_and_Kitchen_5,2,0,work ok one time fell apart becam unus
295,Home_and_Kitchen_5,5,0,is good strong suction vacuum world 's good carpet also
296,Home_and_Kitchen_5,5,0,nice floral dead head water
297,Home_and_Kitchen_5,5,0,the lght work beauti bright
298,Home_and_Kitchen_5,5,0,work rum infus chocol cover strawberri mold chocol heart
299,Home_and_Kitchen_5,5,0,the shell beauti i 'm look thank
300,Home_and_Kitchen_5,5,0,good qualiti great price a tad loo '' mattress
301,Home_and_Kitchen_5,5,0,sturdi great addit eat breakfast nook
302,Home_and_Kitchen_5,5,0,classic sturdi function perfect keep honey room temperatur
303,Home_and_Kitchen_5,5,0,wonder great size throw dishwash area great
304,Home_and_Kitchen_5,1,0,thi one came broken the handl broken piec
305,Home_and_Kitchen_5,5,0,sturdi hold cami make easi access
306,Home_and_Kitchen_5,5,1,beauti shower curtain just i want look good bathroom
307,Home_and_Kitchen_5,5,1,i use contain coupl week i realli love i one
308,Home_and_Kitchen_5,5,1,love way top hold suction cup i also love suction cup
309,Home_and_Kitchen_5,5,1,love candl ... order ... also candl burn coupl week
310,Home_and_Kitchen_5,5,1,use white eleph 's thin like
311,Home_and_Kitchen_5,5,1,my daughter love we month 's great
312,Home_and_Kitchen_5,5,1,for singl cup coffe feel coffe tast fresher coffe tast lighter
313,Home_and_Kitchen_5,1,1,not i expect old one i keep futur
314,Home_and_Kitchen_5,5,1,unpack use soon arriv i littl surpris well one
315,Home_and_Kitchen_5,2,1,veri flimsi blackout curtain not easi task put togeth also dimens
316,Home_and_Kitchen_5,5,1,a standard christma present friend love the reason i gave
317,Home_and_Kitchen_5,5,1,look fantast guest room the problem 's realli vacuum
318,Home_and_Kitchen_5,5,1,so easi put i love look feel pillow
319,Home_and_Kitchen_5,5,1,i absolut love we month 's great
320,Home_and_Kitchen_5,5,1,fit oz ozark i love fact come small
321,Home_and_Kitchen_5,5,1,such amaz product look amaz kitchen i definit buy veri pretti
322,Home_and_Kitchen_5,5,1,perfect size egg coupl reason i need lot egg white
323,Home_and_Kitchen_5,5,1,great straw durabl last long time the reason i gave
324,Home_and_Kitchen_5,4,1,doe job thinner profession blender i say 's pretti good
325,Home_and_Kitchen_5,5,1,nice made great keep open space shelf veri well made
326,Home_and_Kitchen_5,4,1,fit well seem last long time veri good qualiti
327,Home_and_Kitchen_5,5,1,i love perfect i need i 've mine coupl year
328,Home_and_Kitchen_5,4,1,look pretti see wear tear overal right size
329,Home_and_Kitchen_5,5,1,excel product second i love look feel pillow
330,Home_and_Kitchen_5,5,1,ergonom correct the problem realli
331,Home_and_Kitchen_5,5,1,mom love perfect summer.veri good quality.nic sturdi sturdi
332,Home_and_Kitchen_5,1,1,tini spatula unless use profession spatula need make sure
333,Home_and_Kitchen_5,5,1,purchas 10-year-old daughter arthriti hand
334,Home_and_Kitchen_5,5,1,easi set sturdi easi clean i purchas veri pretti
335,Home_and_Kitchen_5,5,1,still good product read reviews.veri good quality.nic sturdi function
336,Home_and_Kitchen_5,5,1,i use bag store contain thick sturdi they easi
337,Home_and_Kitchen_5,3,1,i thought would good addit kitchen i also larg kitchen
338,Home_and_Kitchen_5,4,1,complement differ color scheme vibrant comfort
339,Home_and_Kitchen_5,4,1,softer expens expens expens model i 'm sure
340,Home_and_Kitchen_5,4,1,i put bottl wine freezer still fresh i one
341,Home_and_Kitchen_5,4,1,small compact travel mug design design travel mug
342,Home_and_Kitchen_5,5,1,work like charm item look great materi good i larg one
343,Home_and_Kitchen_5,5,1,love use daili best i keep review.veri pretti
344,Home_and_Kitchen_5,5,1,item exactli describ arriv good seal the dimens
345,Home_and_Kitchen_5,5,1,great pug dog treat it 's good size lid strong enough
346,Home_and_Kitchen_5,3,1,doe fit husband bed it 's small i would order one
347,Home_and_Kitchen_5,2,1,thi i want the qualiti i want the dimens
348,Home_and_Kitchen_5,5,1,veri comfort help wrist the problem 's realli vacuum
349,Home_and_Kitchen_5,5,1,do n't wast time buy set thin need clean everi
350,Home_and_Kitchen_5,3,1,i wish i bought sooner great product price it
351,Home_and_Kitchen_5,3,0,wish thicker the cute polka dot pretti much disappear bake
352,Home_and_Kitchen_5,5,0,the hook great hang star ceil and great price
353,Home_and_Kitchen_5,1,0,return exchang twice base broken everi time over
354,Home_and_Kitchen_5,5,0,thi knife sharp care work perfect need
355,Home_and_Kitchen_5,5,0,nice travel take itali ice rather scarc
356,Home_and_Kitchen_5,3,0,if handl bit thicker/strong great product
357,Home_and_Kitchen_5,1,0,do not buy quit work le month purchas
358,Home_and_Kitchen_5,4,0,sturdi expect wobbl job though
359,Home_and_Kitchen_5,5,0,blue color much better pictur good price qualiti
360,Home_and_Kitchen_5,1,0,the knob end rod broke not good qualiti product
361,Home_and_Kitchen_5,5,0,they hold cloth the yellow stuff n't rub good hangar
362,Home_and_Kitchen_5,4,0,a littl shorter expect tri next christma
363,Home_and_Kitchen_5,5,0,love sheet soft cotton feel fit king waterb
364,Home_and_Kitchen_5,4,0,other mention cord kinda small hose kinda stiff
365,Home_and_Kitchen_5,5,0,got daughter new place she seem love
366,Home_and_Kitchen_5,5,0,these realli fun alic wonderland theme parti
367,Home_and_Kitchen_5,5,0,thi beauti tabl runner look great antiqu tabl
368,Home_and_Kitchen_5,5,0,work expect good price not much say balloon weight
369,Home_and_Kitchen_5,4,0,nice easi assembl serv 's purpos function aesthet
370,Home_and_Kitchen_5,5,0,these use attract they made old knive obsolet
371,Home_and_Kitchen_5,5,0,work great le shark brand wiil bought
372,Home_and_Kitchen_5,5,0,thi exactli advertis doe to get moldi easi clean
373,Home_and_Kitchen_5,4,0,nice design great speed .. it work excel home made tamal
374,Home_and_Kitchen_5,1,0,smell good broken glass crack bad
375,Home_and_Kitchen_5,1,0,i sent soap fish look noth like pictur catti
376,Home_and_Kitchen_5,4,0,great product 's job well hold lunch sever day week
377,Home_and_Kitchen_5,5,0,cute lunchbox great preschool fit plenti food easi clean
378,Home_and_Kitchen_5,5,0,nice qualiti i bought use solo campfir stove
379,Home_and_Kitchen_5,5,0,ca n't beat time test design easi instal ... highli function ... price right
380,Home_and_Kitchen_5,3,0,in term overal durabl 're great scratch easili
381,Home_and_Kitchen_5,5,0,so far good and weird smell unlik mani plastic liner
382,Home_and_Kitchen_5,5,0,fantast design no debri fall end design
383,Home_and_Kitchen_5,5,0,nice size fit perfectli love ad organ provid
384,Home_and_Kitchen_5,5,0,i use pot everyth thi second purchas
385,Home_and_Kitchen_5,5,0,veri plea product arriv time manner exactli shown
386,Home_and_Kitchen_5,5,0,great mudrooma towel rack wonder project
387,Home_and_Kitchen_5,5,0,sooooooo cute i love ador well made total worth price
388,Home_and_Kitchen_5,5,0,i got gift son
389,Home_and_Kitchen_5,5,0,hygien great look el want toilet brush
390,Home_and_Kitchen_5,5,0,i bar rim salt margarita look sleek
391,Home_and_Kitchen_5,3,0,return i thought i order bed trundl
392,Home_and_Kitchen_5,5,0,thi clock larg easi read inexpens get job done
393,Home_and_Kitchen_5,5,0,great tool .... knive sharp i purchas new
394,Home_and_Kitchen_5,5,0,super cute great price have blue white
395,Home_and_Kitchen_5,4,0,bought gift daughter seem great buy
396,Home_and_Kitchen_5,5,1,veri good buy price the problem 's kind hard put
397,Home_and_Kitchen_5,1,1,doe n't fit queen bed the materi thick thin queen bed
398,Home_and_Kitchen_5,5,1,great product ... have had corel for year wonder product
399,Home_and_Kitchen_5,5,1,keep cold drink cold hot drink hot cold drink hot the reason i gave
400,Home_and_Kitchen_5,5,1,it exactli decrib shown pictur the actual dimens
401,Home_and_Kitchen_5,5,1,not ottoman look nice 's comfort look nice countertop
402,Home_and_Kitchen_5,4,1,the glass wonder color vibrant design nice touch
403,Home_and_Kitchen_5,5,1,i bought gift daughter love it 's great
404,Home_and_Kitchen_5,5,1,great product servic i use everyday.veri comfort i love veri pretti
405,Home_and_Kitchen_5,1,1,these curtain n't wide i expect i expect tighter curtain
406,Home_and_Kitchen_5,5,1,easi use pie edg littl thin i keep mind make
407,Home_and_Kitchen_5,5,1,total work i use everyday it easi clean i
408,Home_and_Kitchen_5,4,1,the color good look good materi good qualiti good
409,Home_and_Kitchen_5,5,1,it 's amaz look wall i keep long time
410,Home_and_Kitchen_5,5,1,these knive n't nice 're also sharp the blade sharp
411,Home_and_Kitchen_5,5,1,i love set it look great color vibrant i larg collect
412,Home_and_Kitchen_5,4,1,great cupcak holder look nice sturdi instruct littl mislead
413,Home_and_Kitchen_5,5,1,my wife make cooki last two year 's happi way 's
414,Home_and_Kitchen_5,3,1,the pillow excess firm i older version pillow littl larger
415,Home_and_Kitchen_5,5,1,i grow spice herb i need kitchen
416,Home_and_Kitchen_5,5,1,high qualiti work well solid materi the problem 's realli vacuum
417,Home_and_Kitchen_5,5,1,handl heavi pan without tip the problem 's kind hard put
418,Home_and_Kitchen_5,3,1,look nice small liking.veri good quality.nic sturdi function
419,Home_and_Kitchen_5,5,1,just stun clean modern we month
420,Home_and_Kitchen_5,5,1,realli l ike item we month 's
421,Home_and_Kitchen_5,5,1,perfect white desk i love look feel chair
422,Home_and_Kitchen_5,5,1,gorgeou industri feel easi use the problem 's realli
423,Home_and_Kitchen_5,4,1,exactli describ purchas gift recipi love
424,Home_and_Kitchen_5,5,1,these nice size nice qualiti i keep next coupl
425,Home_and_Kitchen_5,4,1,knive look well kitchen the problem 's realli strong one
426,Home_and_Kitchen_5,5,1,veri pretti size perfect it thick enough hold small person
427,Home_and_Kitchen_5,5,1,use mattress kept sheet comfort i also mattress
428,Home_and_Kitchen_5,4,1,comfort but made for a lot of use i 've mine coupl
429,Home_and_Kitchen_5,5,1,so far thing great addit kitchen i larg kitchen
430,Home_and_Kitchen_5,3,1,fit well not thick one 's still nice one
431,Home_and_Kitchen_5,5,1,these icetray realli easy-releas design make work
432,Home_and_Kitchen_5,1,1,the scale accur bit larg the scale
433,Home_and_Kitchen_5,5,1,i use laundri 's good size it 's coupl
434,Home_and_Kitchen_5,3,1,these sheet thin wide open i purchas differ size
435,Home_and_Kitchen_5,5,1,these exactli i need the problem small one i
436,Home_and_Kitchen_5,2,1,love stop work within week thing i turn
437,Home_and_Kitchen_5,5,1,love wife i veri good qualiti
438,Home_and_Kitchen_5,5,1,make sure follow direct easi follow i keep review
439,Home_and_Kitchen_5,5,1,the cushion work well intend the reason i gave
440,Home_and_Kitchen_5,4,0,n't last long burn long wo n't float
441,Home_and_Kitchen_5,5,0,i use make beer chicken smoker clean easili
442,Home_and_Kitchen_5,5,0,soft soft soft we love we would order without hesit
443,Home_and_Kitchen_5,5,0,perfect small scale easi use compact size make conveni travel
444,Home_and_Kitchen_5,5,0,i love pitcher perfect tea n't drip everyth
445,Home_and_Kitchen_5,5,0,everi bit good name brand hesit get
446,Home_and_Kitchen_5,5,0,perfect size kitchen easi assembl veri happi cart
447,Home_and_Kitchen_5,3,0,did n't realli help make differ must time new robot
448,Home_and_Kitchen_5,5,0,these hook gorgeou they realli add eleg touch shower curtain
449,Home_and_Kitchen_5,5,0,love color love lightweight the bowl much larger expect
450,Home_and_Kitchen_5,5,0,thi item 's bulki small apart counter top work like charm
451,Home_and_Kitchen_5,5,0,love love love coffe maker it perfect size rv
452,Home_and_Kitchen_5,4,0,work well even partial submerg make froth easi beginn like
453,Home_and_Kitchen_5,4,0,went togeth ok look good corner the color dark
454,Home_and_Kitchen_5,5,0,you rare use ac live somewher humid
455,Home_and_Kitchen_5,5,0,gift for husband ha sharpen everi knife in the hous work well no problem
456,Home_and_Kitchen_5,5,0,these nice towel absorb well get readi see come gray
457,Home_and_Kitchen_5,4,0,nice product much experi thing roller awesom ..
458,Home_and_Kitchen_5,4,0,plastic littl flimsi hold mani photo keep safe
459,Home_and_Kitchen_5,5,0,thi knife sharpen work realli well i also sharpen sew scissor
460,Home_and_Kitchen_5,5,0,thi product sturdi nice design will last last
461,Home_and_Kitchen_5,4,0,decent price i use behind love seat ... work
462,Home_and_Kitchen_5,4,0,definit water proof worth price keep dust dirt away
463,Home_and_Kitchen_5,3,0,veri nice care handl the edg crack easili
464,Home_and_Kitchen_5,5,0,had mismatch header v bed frame thi work great have recommend sinc
465,Home_and_Kitchen_5,5,0,it gift daughter said realli work well
466,Home_and_Kitchen_5,3,0,kind cheap realli thin metal trick exactli youd expect 1.99
467,Home_and_Kitchen_5,5,0,love product wish built razor cut otherwis i 'm happi
468,Home_and_Kitchen_5,5,0,cute granddaught play kitchen set
469,Home_and_Kitchen_5,5,0,a gift granddaught saw mine love
470,Home_and_Kitchen_5,5,0,thi work great skin hair definit recommend other
471,Home_and_Kitchen_5,5,0,simpli put fantast veri happi purchas thank
472,Home_and_Kitchen_5,5,0,easi cut let right amount light keep peeper
473,Home_and_Kitchen_5,5,0,my wife i put togeth rather quickli look realli good
474,Home_and_Kitchen_5,5,0,good price look love window i 've gotten mani compliment
475,Home_and_Kitchen_5,5,0,these great the mount hold bottl well come easi
476,Home_and_Kitchen_5,5,0,cart i got well worth money i paidi
477,Home_and_Kitchen_5,5,0,enhanc mood purifi air doubl beauti night light
478,Home_and_Kitchen_5,1,0,do n't bend them or they will split they need to be more resili
479,Home_and_Kitchen_5,5,0,doe n't get better outstand qualiti just right size
480,Home_and_Kitchen_5,5,0,frame awesom price love mat includ
481,Home_and_Kitchen_5,5,0,excel my husband also use find tini bolt drop carpet ...
482,Home_and_Kitchen_5,5,0,excel mug great detail pictur describ work expect
483,Home_and_Kitchen_5,4,0,thi seem work pretti well though could bit bigger
484,Home_and_Kitchen_5,5,1,clean knive real fast breez i keep knive drawer
485,Home_and_Kitchen_5,5,1,beauti littl set nice color love color love bright
486,Home_and_Kitchen_5,5,1,thi simpl tool awesom i love feel handl
487,Home_and_Kitchen_5,4,1,nice littl cook pot we month use everi
488,Home_and_Kitchen_5,2,1,work awhil last coupl week wife love
489,Home_and_Kitchen_5,5,1,thi 3rd steam kettl it good handl quiet
490,Home_and_Kitchen_5,5,1,i love stand mixer the qualiti i want mixer
491,Home_and_Kitchen_5,5,1,great littl gadget bought one daughter love she also love way
492,Home_and_Kitchen_5,5,1,these sheet soft they lightweight comfort i love i put
493,Home_and_Kitchen_5,5,1,i love contain easi store long handl make easi move around
494,Home_and_Kitchen_5,5,1,ive order multipl time best i keep review sure
495,Home_and_Kitchen_5,5,1,love clean easili love love
496,Home_and_Kitchen_5,5,1,wife love especi size long handl the reason i
497,Home_and_Kitchen_5,4,1,one panel small chip mark bottom small scratch insid
498,Home_and_Kitchen_5,5,1,i n't know fuss i say 's pretti
499,Home_and_Kitchen_5,5,1,a littl pricey begin month 's still must anyon
500,Home_and_Kitchen_5,5,1,it 's work well far we wide wooden leg travel trailer upright
501,Home_and_Kitchen_5,5,1,like much i bought second one husband christma
502,Home_and_Kitchen_5,5,1,beauti heavi weight dine room rug the qualiti i want dine room
503,Home_and_Kitchen_5,5,1,bright cheer christmassi match color love color
504,Home_and_Kitchen_5,5,1,love super cute look great countertop
505,Home_and_Kitchen_5,3,1,definit highest qualiti i thought would better
506,Home_and_Kitchen_5,5,1,i love bell 's perfect summer stay put fridg long
507,Home_and_Kitchen_5,5,1,love my new chair it is perfect for everyon to be in the p
508,Home_and_Kitchen_5,5,1,love would like color quality.veri good quality.nic sturdi function
509,Home_and_Kitchen_5,5,1,pretti self explanatori you set time either turn turn
510,Home_and_Kitchen_5,5,1,veri plea hemi contain qualiti i keep shelv good condit
511,Home_and_Kitchen_5,3,1,they n't stick wall the reason i gave star one
512,Home_and_Kitchen_5,5,1,best tool tile floor the reason i gave star i
513,Home_and_Kitchen_5,5,1,without use spout spout nice piec equip
514,Home_and_Kitchen_5,4,1,it littl bit expens regular version work me.veri pretti
515,Home_and_Kitchen_5,5,1,wonder lili leav realist color the problem 's realli mesh
516,Home_and_Kitchen_5,5,1,item arriv quickli perfect price.veri good quality.nic sturdi function
517,Home_and_Kitchen_5,5,1,best pair non-med scissor the reason i gave star
518,Home_and_Kitchen_5,5,1,work well keep humid even level the reason i gave
519,Home_and_Kitchen_5,5,1,thi beauti great qualiti it 's good size look great kitchen
520,Home_and_Kitchen_5,5,1,great look great valu the problem 's realli vacuum
521,Home_and_Kitchen_5,5,1,bought daughter law she love she also love fact
522,Home_and_Kitchen_5,5,1,these great food storag the problem small
523,Home_and_Kitchen_5,5,1,gave gift wife love she also love way
524,Home_and_Kitchen_5,4,1,good basic set cookwar i thought would nice addit kitchen
525,Home_and_Kitchen_5,5,0,these great good set buy i ad coupl larger piec also
526,Home_and_Kitchen_5,5,0,ob so ador look like real plant made perfect addit bathroom
527,Home_and_Kitchen_5,1,0,the pictur qt cooker i receiv qt bowl
528,Home_and_Kitchen_5,5,0,i 'm plea qualiti look set excel servic
529,Home_and_Kitchen_5,5,0,just i 've come expect term qualiti a brand trust
530,Home_and_Kitchen_5,4,0,they work fine month would give star recip horribl
531,Home_and_Kitchen_5,4,0,would star hole sewn instead i 'd grommet
532,Home_and_Kitchen_5,5,0,for use granddaught colleg dorm bed she say realli improv sleep
533,Home_and_Kitchen_5,5,0,in month 've found expect
534,Home_and_Kitchen_5,4,0,great water filter my ice maker made clear ice i 'd even
535,Home_and_Kitchen_5,5,0,perfect step stool kid mom get jeep
536,Home_and_Kitchen_5,5,0,rice cook perfectli the size great big famili boy
537,Home_and_Kitchen_5,5,0,my wife studi south american shaman happi item
538,Home_and_Kitchen_5,5,0,just i look could bet price
539,Home_and_Kitchen_5,4,0,i n't love materi n't feel sturdi like wo n't hold
540,Home_and_Kitchen_5,1,0,did come rubber grip cup way hot hold without
541,Home_and_Kitchen_5,5,0,use year issu far good work wonder
542,Home_and_Kitchen_5,5,0,great price work well filter sediment water i buy
543,Home_and_Kitchen_5,5,0,it nice abl order spoon set great qualiti
544,Home_and_Kitchen_5,5,0,great product store blanket pillow winter cloth neat small space
545,Home_and_Kitchen_5,5,0,nice tabl major pain put togeth ... much small tabl
546,Home_and_Kitchen_5,3,0,work like 's suppos no reason hate reason get gushi
547,Home_and_Kitchen_5,5,0,qualiti seem excel one design wife i agre
548,Home_and_Kitchen_5,5,0,beater blade work great ... use time stock beater
549,Home_and_Kitchen_5,5,0,qualiti amaz one rubber band go around wheel broken
550,Home_and_Kitchen_5,5,0,these great easi clean easi nest drawer storag great product
551,Home_and_Kitchen_5,5,0,love pitcher we make tasti infus water summer fresh fruit
552,Home_and_Kitchen_5,5,0,my husband i love give u much room cabinet
553,Home_and_Kitchen_5,5,0,these chair absolut cutest well made look awesom nautic theme
554,Home_and_Kitchen_5,2,0,dissatisfi regard cheapli made will lucki last year
555,Home_and_Kitchen_5,5,0,mmmm best scent ever realli fill room last long time love
556,Home_and_Kitchen_5,5,0,perfect fit great want store refriger good seal
557,Home_and_Kitchen_5,5,0,darn light power great look parrot look better
558,Home_and_Kitchen_5,5,0,thank good zipper all satin pillowcas slip pillow constantli
559,Home_and_Kitchen_5,5,0,these hold quilt ruler well wish i would found sooner
560,Home_and_Kitchen_5,1,0,cap break easili replac purchas now thermo bottl useless
561,Home_and_Kitchen_5,5,0,great qualiti love color so glad i order happi gilbert az
562,Home_and_Kitchen_5,5,0,great item would recommend anyon love amazon prime fast ship everyth
563,Home_and_Kitchen_5,5,0,for use right singl live alon fixen one
564,Home_and_Kitchen_5,5,0,thi cute littl letter rack i love well put togeth
565,Home_and_Kitchen_5,1,0,the color way yellow i want i return
566,Home_and_Kitchen_5,5,1,perfect case handpresso hybrid i love look feel one
567,Home_and_Kitchen_5,5,1,good qualiti nice price especi price veri good qualiti
568,Home_and_Kitchen_5,5,1,been use week thing i n't like size
569,Home_and_Kitchen_5,5,1,i love mix glass i love tast cold water i one
570,Home_and_Kitchen_5,5,1,i love clock nice bright color i also love 's made
571,Home_and_Kitchen_5,5,1,i bought small hous 's i need small home
572,Home_and_Kitchen_5,5,1,realli like larger cut board the problem 's kind hard find
573,Home_and_Kitchen_5,5,1,super nice perfect wine glass the problem 's kind hard put
574,Home_and_Kitchen_5,5,1,best built product i use year use time i one
575,Home_and_Kitchen_5,1,1,i n't even yet the reason i gave star i
576,Home_and_Kitchen_5,5,1,daughter love cloth look nice finish good i wish
577,Home_and_Kitchen_5,1,1,product good qualiti the piec thin 's difficult hold cup
578,Home_and_Kitchen_5,5,1,cute coffe mug the batteri last long time easi clean
579,Home_and_Kitchen_5,5,1,nice candl home decor decor need i purchas futur
580,Home_and_Kitchen_5,4,1,i 'm tea drinker i thought would nice addit kitchen
581,Home_and_Kitchen_5,5,1,probabl best item purchas best i keep review futur post
582,Home_and_Kitchen_5,3,1,veri cute plastic n't stick wall the reason i gave
583,Home_and_Kitchen_5,5,1,nice qualiti price the problem 's kind hard put
584,Home_and_Kitchen_5,5,1,work like charm make easi use effici way make chees
585,Home_and_Kitchen_5,5,1,love pillow daughter she love she also love pillow
586,Home_and_Kitchen_5,2,1,would n't stay shower rack it 's small
587,Home_and_Kitchen_5,5,1,veri nice ha everyth i need materi good i wish one
588,Home_and_Kitchen_5,5,1,love bright red i use night light bed 's great
589,Home_and_Kitchen_5,5,1,love great fit kitchen counter top easi clean
590,Home_and_Kitchen_5,3,1,these pillow case okay they lightweight comfort i also like fact
591,Home_and_Kitchen_5,5,1,great valu i use contain work great bake
592,Home_and_Kitchen_5,5,1,great color better pictur the problem 's realli vacuum
593,Home_and_Kitchen_5,3,1,pretti piec mine came small hole hook would fit hole
594,Home_and_Kitchen_5,5,1,good wine rack price the problem 's kind hard put
595,Home_and_Kitchen_5,4,1,these look nice qualiti would expect lot brand
596,Home_and_Kitchen_5,5,1,it real wood it look real finish good the reason i gave
597,Home_and_Kitchen_5,5,1,love lid use easi clean i keep next
598,Home_and_Kitchen_5,4,1,these great complet function easi clean i purchas veri pretti
599,Home_and_Kitchen_5,5,1,thi great quick easi assembl materi good i larg one
600,Home_and_Kitchen_5,5,1,wonder abl find item instruct includ box
601,Home_and_Kitchen_5,5,1,these placemat spark learn time easi use design the acryl strong
602,Home_and_Kitchen_5,4,1,pretti coupl flaw i admit i use
603,Home_and_Kitchen_5,5,1,cant beat fan littl noisi fan
604,Home_and_Kitchen_5,4,1,they 're super strongli magnet 're strong i 'm sure i would
605,Home_and_Kitchen_5,5,1,good heavi duti pan we month
606,Home_and_Kitchen_5,5,0,wa part gift downton-abbey love friend huge hit
607,Home_and_Kitchen_5,5,0,exactli pictur hold good bit fruit and come ceil mount
608,Home_and_Kitchen_5,5,0,get readi move perfect assort bag cloth winter stuff blanket pillow etc
609,Home_and_Kitchen_5,5,0,i love look great easi instal i instal
610,Home_and_Kitchen_5,5,0,absolut beauti thi second order compani could n't satisfi
611,Home_and_Kitchen_5,4,0,my son use thanksgiv it said work well made carv easi
612,Home_and_Kitchen_5,5,0,love accur fast my cook elev notch
613,Home_and_Kitchen_5,5,0,it 's bigger i thought would but arriv quickli job
614,Home_and_Kitchen_5,5,0,perfect `` librari '' but start rust hang toilet tank
615,Home_and_Kitchen_5,5,0,have use yet look forward handi travel
616,Home_and_Kitchen_5,5,0,great product i use store homemad coconut milk glass storag best
617,Home_and_Kitchen_5,4,0,nice clock love two side keep time well nice size look nostalg enough
618,Home_and_Kitchen_5,5,0,work great induct stove singl induct element .. look great ... smallest pan work induct stove
619,Home_and_Kitchen_5,5,0,i love box i actual use toy box small dog
620,Home_and_Kitchen_5,5,0,make great coffe i use cours ground littl ground coffe
621,Home_and_Kitchen_5,5,0,thi great littl cleanup tool small oop dog turn planter
622,Home_and_Kitchen_5,5,0,bought use boat veri excit tri wine slushi summer
623,Home_and_Kitchen_5,5,0,i love use hold napkin especi outsid keep blow away
624,Home_and_Kitchen_5,2,0,i care product it work
625,Home_and_Kitchen_5,1,0,the product arriv dri useless ... perhap laid shelf year return
626,Home_and_Kitchen_5,5,0,thi easi assembl deliv time 's perfect
627,Home_and_Kitchen_5,5,0,we dog bag great fit work like advertis
628,Home_and_Kitchen_5,5,0,nice look doesnt look like stainless it work great tho quiet effici
629,Home_and_Kitchen_5,5,0,the rose beauti i use flower pot pen black vase
630,Home_and_Kitchen_5,1,0,although realli nice stonewar realli realli heavi heavi arthrit hand
631,Home_and_Kitchen_5,2,0,i return it much smaller i expect bent pole
632,Home_and_Kitchen_5,5,0,cute fabul exactli pictur describ ship fast well packag
633,Home_and_Kitchen_5,4,0,i love product i also recommend http //goo gl/ejdek5 someth reus
634,Home_and_Kitchen_5,5,0,nice littl drainer could wider product well made use
635,Home_and_Kitchen_5,4,0,nice product need glue top el wo n't stay
636,Home_and_Kitchen_5,5,0,such easi way make bake potato i love use regularli
637,Home_and_Kitchen_5,2,0,order one broken veri disappoint two star though candl smell amaz
638,Home_and_Kitchen_5,5,0,power i use everyday it 's industri work year come
639,Home_and_Kitchen_5,5,0,beauti sturdi shower rack good qualiti easi instal part need
640,Home_and_Kitchen_5,5,0,fit quarter sheet pan perfectli togeth great brevil smart oven
641,Home_and_Kitchen_5,4,0,bought husband love le waist enough spray cologn
642,Home_and_Kitchen_5,4,0,work great rv outdoor use a bit tough wash due shape
643,Home_and_Kitchen_5,4,0,a real pain assembl attract function organ space
644,Home_and_Kitchen_5,5,0,we love instant pot make amaz rice great pressur cooker without stress watch
645,Home_and_Kitchen_5,5,0,bought two new doubl stainless steel sink they look great total function
646,Home_and_Kitchen_5,1,1,charcoal filter spill water not good if regular
647,Home_and_Kitchen_5,5,1,bought go along 3rd one i lot small stuff
648,Home_and_Kitchen_5,5,1,love clip kitchen the clip thick easi hang
649,Home_and_Kitchen_5,5,1,wonder mug keep thing hot cold drink well i keep tea
650,Home_and_Kitchen_5,5,1,use memori friend love the reason i gave
651,Home_and_Kitchen_5,5,1,super deal mattress the mattress comfort 's also strong pill
652,Home_and_Kitchen_5,5,1,my kiddo i fight i want
653,Home_and_Kitchen_5,3,1,it ok doe n't natur swirl job the reason i
654,Home_and_Kitchen_5,5,1,we love put entertain display i keep holiday great
655,Home_and_Kitchen_5,5,1,nice shelv hold dvr right height easi clean
656,Home_and_Kitchen_5,5,1,best price quantiti i love look feel pillow
657,Home_and_Kitchen_5,5,1,i love they nice qualiti fit perfectli tabl they
658,Home_and_Kitchen_5,3,1,it slow water flow the way fix throw contain
659,Home_and_Kitchen_5,5,1,keep travel store store i keep bag store
660,Home_and_Kitchen_5,4,1,look better person kinda bulki comfort the reason i gave
661,Home_and_Kitchen_5,4,1,the weakest part over-the-door n't feel comfort
662,Home_and_Kitchen_5,3,1,`` ok '' take time get use i keep finger cross
663,Home_and_Kitchen_5,5,1,thi work well intend the reason i gave
664,Home_and_Kitchen_5,5,1,great support pillow materi soft comfort overal good purchas
665,Home_and_Kitchen_5,5,1,we receiv item earli arriv good seal the dimens right
666,Home_and_Kitchen_5,1,1,thi piec cake the piec i want kitchen
667,Home_and_Kitchen_5,5,1,work great we use camp spoon work great the reason i gave
668,Home_and_Kitchen_5,5,1,got joke the reason i gave star i
669,Home_and_Kitchen_5,1,1,product damag feel cheap the reason i gave star one
670,Home_and_Kitchen_5,5,1,great pitcher i use daili the reason i gave star i
671,Home_and_Kitchen_5,4,1,doe total block light let know 's time turn
672,Home_and_Kitchen_5,4,1,uniqu these look great qualiti good qualiti they bit
673,Home_and_Kitchen_5,5,1,realli like bowl stand i love look feel handl fit
674,Home_and_Kitchen_5,5,1,love sheet soft soft the qualiti good these sheet great
675,Home_and_Kitchen_5,4,1,pot work great hold larg amount liquid the lid remov
676,Home_and_Kitchen_5,5,1,thi fan wide-open featur thi fan
677,Home_and_Kitchen_5,5,1,a handi gadget keep open jar slice bread cold the downsid
678,Home_and_Kitchen_5,5,1,cute color save time the problem 's realli vacuum
679,Home_and_Kitchen_5,5,1,item arriv exactli expect i love look feel pillow
680,Home_and_Kitchen_5,4,1,doe 's suppos the problem 's kind hard put
681,Home_and_Kitchen_5,1,1,i wish product easi use instruct i also wish instruct
682,Home_and_Kitchen_5,4,1,nice look cup everi time the problem 's kind hard find
683,Home_and_Kitchen_5,4,1,realli great iron ... thing n't stay place wash slide
684,Home_and_Kitchen_5,5,0,total cute it 's perfect size morn coffe even tea
685,Home_and_Kitchen_5,3,0,late i 've use towel it easier wash dri rubber mat
686,Home_and_Kitchen_5,5,0,drive kitti nut meow great look wall
687,Home_and_Kitchen_5,1,0,did n't mix paint mayb would good quart 's pointless
688,Home_and_Kitchen_5,5,0,start problem due carpel tunnel -- fix problem good qualiti easi instal work great
689,Home_and_Kitchen_5,5,0,keep gunsaf keep moistur no run part insid safe
690,Home_and_Kitchen_5,5,0,great extra closet storag without expens shelv built-in also good coat closet hat scarv ....
691,Home_and_Kitchen_5,5,0,work great quiet reduc dust surfac keep allergi check the comput hardli need clean
692,Home_and_Kitchen_5,4,0,like origin style i year final die thi one work fine
693,Home_and_Kitchen_5,5,0,thi rug perfect offic the color brought vibrant aveng accessori perfectli
694,Home_and_Kitchen_5,1,0,do buy worth money return time long enough test thoroughli disgust
695,Home_and_Kitchen_5,4,0,it suppos it doesnt realli move bed often
696,Home_and_Kitchen_5,3,0,they ok n't hold shape do n't mash drink slosh
697,Home_and_Kitchen_5,5,0,get name brand alway worth extra dime exactli describ fast ship
698,Home_and_Kitchen_5,4,0,keep daughter chicken nugget ravioli warm sever hour good product sensibl price
699,Home_and_Kitchen_5,5,0,i sever love they tight seal hold plenti
700,Home_and_Kitchen_5,5,0,i love pillow i make `` plump '' i plea it 's cuddli
701,Home_and_Kitchen_5,5,0,oh sweet joy thi memori foam make nearli imposs get bed
702,Home_and_Kitchen_5,5,0,no way beat price work great season
703,Home_and_Kitchen_5,5,0,what cute littl alarm clock doe n't take much room definit job
704,Home_and_Kitchen_5,5,0,like pinot noir best thing drink love
705,Home_and_Kitchen_5,5,0,thi christma present son wife so far greaat comment
706,Home_and_Kitchen_5,5,0,i love i use time they prefect need
707,Home_and_Kitchen_5,1,0,broke i could use leg broke assembl cheap materi fit intend use
708,Home_and_Kitchen_5,5,0,thi cover fit perfectli beauti room it feel thick good qualiti
709,Home_and_Kitchen_5,3,0,some i chang filter indic carbon machin never go away
710,Home_and_Kitchen_5,5,0,i purchas new cookwar need protect realli work great also good separ glass bowl
711,Home_and_Kitchen_5,3,0,these quit small i recommend ruler see small purchas
712,Home_and_Kitchen_5,5,0,anoth good stand i use whatev wax potteri vessel i display kitchen
713,Home_and_Kitchen_5,5,0,could n't happier great qualiti super nice pad stay nice snug and 's pretti
714,Home_and_Kitchen_5,5,0,work great yr old daughter carri step problem
715,Home_and_Kitchen_5,5,0,just got today love alreadi strong solid weight perfect grip cheer
716,Home_and_Kitchen_5,4,0,these great howev bag diff size rip first use
717,Home_and_Kitchen_5,5,0,no sticki mess counter nice spoon rest rubber foot prevent scratch
718,Home_and_Kitchen_5,5,0,excel grinder i like good coffe i expert coffe
719,Home_and_Kitchen_5,4,0,easi use sweet potato littl difficult everyth el breez
720,Home_and_Kitchen_5,5,0,arriv time great product look nice clean counter work well feel sturdi
721,Home_and_Kitchen_5,5,0,thi stuff work i use clean keg coffe mug thermo tile etc
722,Home_and_Kitchen_5,4,1,i love size color qualiti overal qualiti product
723,Home_and_Kitchen_5,1,1,not describ not i expect not i want
724,Home_and_Kitchen_5,5,1,yay we abl assembl piec put togeth
725,Home_and_Kitchen_5,4,1,easi put togeth look nice finish good i larg one
726,Home_and_Kitchen_5,5,1,i use number year still work great i one
727,Home_and_Kitchen_5,3,1,it 's ok. for price 's good valu i keep
728,Home_and_Kitchen_5,5,1,purchas one gift nice item i larg
729,Home_and_Kitchen_5,5,1,realli nice made small knockbox i love look feel size
730,Home_and_Kitchen_5,5,1,work perfect store plastic contain the problem 's kind hard put
731,Home_and_Kitchen_5,5,1,fit perfectli bathtub the problem 's realli vacuum
732,Home_and_Kitchen_5,5,1,thi wonder rug i love look feel color
733,Home_and_Kitchen_5,5,1,i tempurped mattress mattress 's back
734,Home_and_Kitchen_5,3,1,not lot varieti i thought would nice addit kitchen
735,Home_and_Kitchen_5,5,1,even though sham well one i receiv i thought one
736,Home_and_Kitchen_5,5,1,my kid love it look great materi good i wish one
737,Home_and_Kitchen_5,5,1,work perfectli expect a littl bulki comfort the reason i gave
738,Home_and_Kitchen_5,4,1,great littl unit wish electr motor instead motor
739,Home_and_Kitchen_5,5,1,great product good heavi set order love
740,Home_and_Kitchen_5,4,1,work fine small hole bottom i keep mind order
741,Home_and_Kitchen_5,5,1,a studi piec we wooden part cup coupl year
742,Home_and_Kitchen_5,5,1,final perfect knife block the problem 's realli sharp edg
743,Home_and_Kitchen_5,5,1,i use mine make appl pie crust i need pie crust
744,Home_and_Kitchen_5,5,1,like walk air we wide wooden leg travel trailer one
745,Home_and_Kitchen_5,4,1,like drainer design flaw i need turn keep
746,Home_and_Kitchen_5,4,1,these work realli well we wooden part cup coupl year
747,Home_and_Kitchen_5,5,1,beauti rug ive year love
748,Home_and_Kitchen_5,5,1,veri pricey nice i love look feel pillow
749,Home_and_Kitchen_5,5,1,great skirt love embroideri comfort the fabric bit
750,Home_and_Kitchen_5,4,1,not super power creat nice suction-fre surfac
751,Home_and_Kitchen_5,5,1,still suck year way fix throw contain
752,Home_and_Kitchen_5,5,1,daughter law love she use make smoothi famili
753,Home_and_Kitchen_5,4,1,nice shape size steep stove coupl hour
754,Home_and_Kitchen_5,5,1,work great cook lot want make smoothi small famili
755,Home_and_Kitchen_5,5,1,i realli like fan 's quiet stay cool i larg one
756,Home_and_Kitchen_5,5,1,nice size fan pack ship box arriv time
757,Home_and_Kitchen_5,5,1,thi open littl bulki great product price
758,Home_and_Kitchen_5,5,0,i like use light sturdi cut chees truffl well good find adjust nice solid metal
759,Home_and_Kitchen_5,5,0,awesom wastebasket i would recommend anyon especi tight space like bathroom
760,Home_and_Kitchen_5,5,0,thi comfort realli comfort .. comforter=comfort just describ it 's brand new look qualiti realli fine
761,Home_and_Kitchen_5,5,0,omg i use butter cream chees etc i never use butter knife anymor
762,Home_and_Kitchen_5,5,0,i two one kitchen one dine room
763,Home_and_Kitchen_5,5,0,i love le plastic foam dispens it work realli well look nice
764,Home_and_Kitchen_5,1,0,color n't show good pictur some tri come
765,Home_and_Kitchen_5,5,0,so much dinner tabl realli enjoy order sever wed gift
766,Home_and_Kitchen_5,3,0,deliveri exactli expect bowl perfect condit howev much smaller expect
767,Home_and_Kitchen_5,5,0,work great abl measur gram also make easi use recip countri
768,Home_and_Kitchen_5,4,0,wife love too bad use coffe their capsul expens
769,Home_and_Kitchen_5,4,0,what rod fine veri flimsi i hold precari even fill water
770,Home_and_Kitchen_5,4,0,seem ok butcher block .not sure work better miner oil
771,Home_and_Kitchen_5,3,0,it work with name like i surpris find 's built asia
772,Home_and_Kitchen_5,5,0,thi actual work our car get funk one week complet gone
773,Home_and_Kitchen_5,3,0,not great steel pretti thin but design good 're ok. nice glass cover
774,Home_and_Kitchen_5,4,0,the button well bit shallow still came cute i use candi melt
775,Home_and_Kitchen_5,5,0,i mean 's toilet brush 's pretti toilet brush seem work well
776,Home_and_Kitchen_5,5,0,gave five star want leav comment consider plea
777,Home_and_Kitchen_5,5,0,love well made got storag bathroom fit doubl roll toilet paper well
778,Home_and_Kitchen_5,1,0,thi stuff adher well corner tabl nowher near `` clear ''
779,Home_and_Kitchen_5,5,0,have dish pattern love glass match love size shape
780,Home_and_Kitchen_5,4,0,much larger expect almost excess i love pattern look wonder room
781,Home_and_Kitchen_5,5,0,necessari kitchen tool one rate high purchas work great arriv time
782,Home_and_Kitchen_5,3,0,take get enough noodl ok product your hand might tire done
783,Home_and_Kitchen_5,4,0,great frame wish backer littl heavier cardboard price fine
784,Home_and_Kitchen_5,3,0,realli strong expect pleasant aroma jasmin instead got heavi sweet smell unlik jasmin
785,Home_and_Kitchen_5,5,0,i use hang pictur bridal shower they super cute good qualiti
786,Home_and_Kitchen_5,5,0,great littl unit storag organ bathroom i might get anoth 's handi
787,Home_and_Kitchen_5,2,0,the qualiti good when i bake pie silicon cake pan chang color
788,Home_and_Kitchen_5,5,0,thi set work perfectli new rtic 30-ounc mug everyth need
789,Home_and_Kitchen_5,5,0,bought extra contain pack fit rene tote easier meal prep
790,Home_and_Kitchen_5,1,0,you would better sit kitchen wrap product pantri selv kitchen counter
791,Home_and_Kitchen_5,5,0,thi make good coffe right temperatur we also like singl serv option
792,Home_and_Kitchen_5,5,0,perfect size fit exactli bed frame my year old daughter put togeth
793,Home_and_Kitchen_5,5,0,i love it look great entryway despit abus boy 's fine
794,Home_and_Kitchen_5,5,1,i time use instruct work great price
795,Home_and_Kitchen_5,5,1,i plea set qualiti i keep review futur refer
796,Home_and_Kitchen_5,5,1,best look bar stool i use husband i we also larg one
797,Home_and_Kitchen_5,5,1,beauti napkin wash easili the problem small
798,Home_and_Kitchen_5,5,1,beauti piec furnitur we month 's
799,Home_and_Kitchen_5,3,1,i n't like brand these type
800,Home_and_Kitchen_5,4,1,i wish would option make smaller one i would order
801,Home_and_Kitchen_5,5,1,thi clock silent inconveni wake minut everi
802,Home_and_Kitchen_5,5,1,great product price look great job the reason i gave
803,Home_and_Kitchen_5,5,1,beauti bed onli wish headboard littl wider nice bonu
804,Home_and_Kitchen_5,5,1,great poster look realli nice love color also dimens pretti
805,Home_and_Kitchen_5,5,1,got daughter love veri good quality.nic sturdi sturdi
806,Home_and_Kitchen_5,5,1,love color it littl darker pictur 's still beauti
807,Home_and_Kitchen_5,4,1,look well made ... n't use yet good enough make small batch
808,Home_and_Kitchen_5,5,1,work well compact i love look feel pillow
809,Home_and_Kitchen_5,5,1,we bought gift daughter love it 's great
810,Home_and_Kitchen_5,5,1,love funni littl rack i love look feel i one
811,Home_and_Kitchen_5,3,1,thin they wo n't last forev good price
812,Home_and_Kitchen_5,5,1,i love it 's cute littl design 's nice size size
813,Home_and_Kitchen_5,1,1,worst product i 've bought amazon the reason i gave star i
814,Home_and_Kitchen_5,1,1,thi open work take long time i keep open drawer
815,Home_and_Kitchen_5,5,1,thi 4th safavieh best i keep
816,Home_and_Kitchen_5,5,1,bought tea parti it 's good size look great kitchen
817,Home_and_Kitchen_5,4,1,work well small kitchen tool small tool i larg one
818,Home_and_Kitchen_5,5,1,thi nice littl set comfort travel mug i would recommend
819,Home_and_Kitchen_5,3,1,fit dyson not easi task put togeth
820,Home_and_Kitchen_5,5,1,super soft light bulki it littl heavi small bedroom
821,Home_and_Kitchen_5,5,1,so far good- i use everyday i 've also use hour
822,Home_and_Kitchen_5,5,1,the best bakewar pan the reason i gave star one
823,Home_and_Kitchen_5,4,1,i bought take bath 's i need i love extra
824,Home_and_Kitchen_5,5,1,i skeptic nice qualiti fit nice tabl
825,Home_and_Kitchen_5,5,1,these great especi area need turn small piec wood
826,Home_and_Kitchen_5,5,1,bought bridal shower cupcak they soft i realli love
827,Home_and_Kitchen_5,5,1,i love towel hold lot stuff i also love 's wash
828,Home_and_Kitchen_5,1,1,do make smoothi the reason need n't slide
829,Home_and_Kitchen_5,5,0,these great start charcoal grill burn long enough get good coal go
830,Home_and_Kitchen_5,5,0,thi great cooker it make fatter easi clean lighter tradit crock pot
831,Home_and_Kitchen_5,5,0,these exactli pictur look great they look great log home burlap curtain
832,Home_and_Kitchen_5,5,0,these best bath mat i ever own i use exactli direct instruct
833,Home_and_Kitchen_5,5,0,absolut love kitchen towel i redecor kitchen owl theme look perfect
834,Home_and_Kitchen_5,5,0,excel purchas cute got lot compliment 's huge 's enough small space
835,Home_and_Kitchen_5,5,0,my last mortar pestl lost move i much prefer replac it effect
836,Home_and_Kitchen_5,3,0,love bag one hole good price amount get
837,Home_and_Kitchen_5,4,0,they exactli i need almost seem stronger origin one came nutribullet
838,Home_and_Kitchen_5,1,0,poorli assembl wheel wobbl materi gaug do n't wast money went trash one use
839,Home_and_Kitchen_5,4,0,just right size two cup hold snack and price drop made le pull trigger
840,Home_and_Kitchen_5,1,0,total crap cup scratch lid seal fell apart month glass alway better
841,Home_and_Kitchen_5,2,0,veri small flimsi look bag the product info webist somewhat unclear/mislead had return
842,Home_and_Kitchen_5,5,0,love product work great happi get free blade like advertis
843,Home_and_Kitchen_5,4,0,the sock underwear drawer great the bra holder good larger cup size
844,Home_and_Kitchen_5,5,0,for price great thermomet realli like fold store better
845,Home_and_Kitchen_5,5,0,i like mat make bake cleanup much easier clean second would recommend buy
846,Home_and_Kitchen_5,5,0,good size differ set even littl light help night
847,Home_and_Kitchen_5,5,0,realli good valu scale accur guarante idk beat deal like
848,Home_and_Kitchen_5,3,0,although tablecloth pretti tear easili it last long tabl
849,Home_and_Kitchen_5,5,0,thi absolut ador pretti blue color vibrant photo it 's also larg nice qualiti
850,Home_and_Kitchen_5,5,0,veri easi keep spoon head right direct spiral cut veri good product
851,Home_and_Kitchen_5,4,0,product describ my bundl wo n't stay lit work purpos i use
852,Home_and_Kitchen_5,4,0,decent design littl bit small it work great peopl diet
853,Home_and_Kitchen_5,4,0,thi stink cute roomi fold flat i love overal great lunch bag
854,Home_and_Kitchen_5,4,0,stupid i thought would lamin 's print still nice chang hang plan
855,Home_and_Kitchen_5,5,0,i bought coupl duvet cover nice silki soft
856,Home_and_Kitchen_5,3,0,i expect it 's quit workout use result subpar best
857,Home_and_Kitchen_5,5,0,thi fantast easi appli product put shine back hardwood tile floor
858,Home_and_Kitchen_5,5,0,love sheet thi make 2nd purchas soft wrinkl free keep cooler night
859,Home_and_Kitchen_5,4,0,good price work well given parti bag kid thought cool would buy pen
860,Home_and_Kitchen_5,5,0,great playroom multipl child it fit bit everyon 's favorit
861,Home_and_Kitchen_5,1,0,veri poor qualiti thought would funni usabl ... problem n't fit wine bottl
862,Home_and_Kitchen_5,4,0,beauti ivori color so soft a littl thinner i thought would i still love
863,Home_and_Kitchen_5,3,0,arriv sever minor scratch not bad price scuff scratch bother
864,Home_and_Kitchen_5,5,1,time tell long take finish i say 's pretti stabl
865,Home_and_Kitchen_5,5,1,best spot cleaner market the problem 's kind hard clean
866,Home_and_Kitchen_5,5,1,it suppos it smoothi perfect time
867,Home_and_Kitchen_5,5,1,thi pot wonder so easi clean comfort the reason i gave
868,Home_and_Kitchen_5,1,1,thi may n't stick counter good deal small kitchen
869,Home_and_Kitchen_5,3,1,use wallet good valu i larg one
870,Home_and_Kitchen_5,5,1,it pretti .. i put freezer pop it 's awesom
871,Home_and_Kitchen_5,5,1,so comfort i feel like long time becom go pillow
872,Home_and_Kitchen_5,5,1,magnific qualiti pattern look nice design i want
873,Home_and_Kitchen_5,5,1,doe work time instruct say turn oven
874,Home_and_Kitchen_5,5,1,great bathroom accessori kitchen the problem 's realli vacuum
875,Home_and_Kitchen_5,5,1,i love look pillow case i also love pillow case extra
876,Home_and_Kitchen_5,5,1,pretti darn cool ice mold i love look feel i
877,Home_and_Kitchen_5,5,1,these fill white gray paint nice touch i surpris
878,Home_and_Kitchen_5,5,1,i actual use makeshift suction cup i also love 's remov
879,Home_and_Kitchen_5,5,1,mild scent burn coupl hour i keep rose hous
880,Home_and_Kitchen_5,5,1,great corner space saver i use long-term storag space small kitchen
881,Home_and_Kitchen_5,5,1,durabl problem use the problem 's realli vacuum
882,Home_and_Kitchen_5,1,1,unfortun i need send back box larg the one i
883,Home_and_Kitchen_5,5,1,thi great product great price.veri good quality.nic sturdi function
884,Home_and_Kitchen_5,5,1,thi beauti lamp it well made look nice countertop
885,Home_and_Kitchen_5,5,1,love it littl smaller two still fit small vacuum
886,Home_and_Kitchen_5,5,1,these sturdi look great kitchen i keep next coupl
887,Home_and_Kitchen_5,4,1,look eleg bathroom qualiti right the reason i gave
888,Home_and_Kitchen_5,1,1,sharp edg rough interior sharp edg the reason i gave star
889,Home_and_Kitchen_5,5,1,look nice i 'm use comfort the reason i gave
890,Home_and_Kitchen_5,5,1,great tabl great price the problem 's realli larg one
891,Home_and_Kitchen_5,5,1,i love can use stove top i also love 's remov
892,Home_and_Kitchen_5,5,1,just need set glass i keep glass store
893,Home_and_Kitchen_5,4,1,great ramekin love bright color the problem 's realli
894,Home_and_Kitchen_5,3,1,the three section smaller origin design nice bonu i like extra
895,Home_and_Kitchen_5,4,1,nice blanket warmer expect i love look feel blanket i
896,Home_and_Kitchen_5,5,1,i began home brew absolut breez the reason i gave
897,Home_and_Kitchen_5,5,1,i plea set qualiti i purchas futur
898,Home_and_Kitchen_5,5,1,veri nice plate complaint design bit sloppi if coupl
899,Home_and_Kitchen_5,5,1,i abl assembl piec instruct includ the reason i gave
900,Home_and_Kitchen_5,5,1,i love much i bought second one husband christma
901,Home_and_Kitchen_5,5,1,the shower curtain littl thinner pictur i admit 's littl
902,Home_and_Kitchen_5,5,1,love trash super soft easi clean i keep trash i
903,Home_and_Kitchen_5,4,1,it look good hang wall instruct littl difficult read
904,Home_and_Kitchen_5,5,1,work great howev look pictur pictur bit mislead
905,Home_and_Kitchen_5,5,1,bottl i need the problem 's kind hard put
906,Home_and_Kitchen_5,5,1,i n't know el say great product price
907,Home_and_Kitchen_5,4,0,these nice mold could littl bigger nice size kid watch waistlin
908,Home_and_Kitchen_5,4,0,look neat right height spot i want replac pot sturdier one
909,Home_and_Kitchen_5,5,0,thi surviv year mani wash still look great i sure buy anoth ever look scruffi
910,Home_and_Kitchen_5,5,0,these easi use easi clean abl freez microwav great boon
911,Home_and_Kitchen_5,5,0,love perfect size look nice hide husband 's messi desk perfectli recommend space-sav organ
912,Home_and_Kitchen_5,3,0,well made shape n't ideal larger ear also nest togeth would nice
913,Home_and_Kitchen_5,5,0,got measur hot cocoa .. perfect size coffe cup ... kid make
914,Home_and_Kitchen_5,5,0,beauti mirror look way expens we purchas three love
915,Home_and_Kitchen_5,4,0,thick sturdi plastic work great pasta salad among thing seem hold fine ok
916,Home_and_Kitchen_5,4,0,realli like it super light weight washabl it pull shower curtain
917,Home_and_Kitchen_5,2,0,i love time i barli get lid on-dont know happen
918,Home_and_Kitchen_5,5,0,absolut gorgeou soft rug i absolut ador rug love walk everi day soft
919,Home_and_Kitchen_5,5,0,look realli nice wall it pretti easi setup color match web pictur pretti well also
920,Home_and_Kitchen_5,5,0,so happi i got roast pan .. want one replac old one long time
921,Home_and_Kitchen_5,5,0,i 've burn nippon kodo sandalwood incens year i like cedarwood everi bit much sandalwood
922,Home_and_Kitchen_5,5,0,boy get hot fast love take motel room instant coffe hot chocol
923,Home_and_Kitchen_5,5,0,super mini vac doe i want work great bare floor leather furnitur around appart
924,Home_and_Kitchen_5,4,0,nice pan good deal n't realiz bottom smooth gave friend ga stove
925,Home_and_Kitchen_5,4,0,my sleep number bed giant plastic base instead box spring turn ca n't use
926,Home_and_Kitchen_5,5,0,use everi day conveni size easi clean have love nice finish
927,Home_and_Kitchen_5,5,0,bought school work craft bed couch work perfect easi clean
928,Home_and_Kitchen_5,5,0,so happi amazon they i want job thank
929,Home_and_Kitchen_5,5,0,the color bright gold 's rose gold but work nice
930,Home_and_Kitchen_5,5,0,absolut beauti shower hook i skeptic buy expens shower hook worth money
931,Home_and_Kitchen_5,5,0,these glove prevent burn hand sinc i start use sever month doe suppos
932,Home_and_Kitchen_5,5,0,these nice they launder beauti wrinkl free dryer veri satisfi purchas
933,Home_and_Kitchen_5,3,0,they hard get air get one goe beauti
934,Home_and_Kitchen_5,5,0,wonder product pan like advertis i sure i enjoy use year come
935,Home_and_Kitchen_5,4,0,at first glanc i thought never last howev 's hold well price great
936,Home_and_Kitchen_5,5,0,got one kid husband i we love
937,Home_and_Kitchen_5,5,0,love love love the sizzl perfect materi perfect 's nice fluffi warm
938,Home_and_Kitchen_5,5,0,i absolut love new clock if like unusu bright color .. clock
939,Home_and_Kitchen_5,4,0,i love look color size blanket i wish n't shed much
940,Home_and_Kitchen_5,5,0,veri happi i put front door never fail get laugh
941,Home_and_Kitchen_5,5,0,the supplier filter pretti understand kind accur fair i happi
942,Home_and_Kitchen_5,5,0,great light weight littl cut board wish made one bigger size goe right dishwash
943,Home_and_Kitchen_5,5,0,if pet great hair make sure clean use
944,Home_and_Kitchen_5,5,0,chill freezer hour result fantast cold lemonad last good
945,Home_and_Kitchen_5,5,0,what awesom tie/bowti solut husband love it solv mani aggrav day tie fall place
946,Home_and_Kitchen_5,5,0,thi exactli i need love have n't issu receiv expect
947,Home_and_Kitchen_5,5,0,these filter great valu also better qualiti origin filter great purchas
948,Home_and_Kitchen_5,1,0,tore apart easier toilet paper it cheapli put togeth do wast time money
949,Home_and_Kitchen_5,5,0,i love make custard cold month nice match set work well
950,Home_and_Kitchen_5,5,1,just right size i need not big small
951,Home_and_Kitchen_5,5,1,my favorit glass bought read review i 've tri lot differ glass
952,Home_and_Kitchen_5,5,1,n't realiz i use the reason i gave star i
953,Home_and_Kitchen_5,5,1,softer i expect best finish thick easi clean veri pretti
954,Home_and_Kitchen_5,5,1,i look set found store i order
955,Home_and_Kitchen_5,5,1,thi great corner rack the problem come small screw driver
956,Home_and_Kitchen_5,5,1,great brush i wind use whole bunch kind thing
957,Home_and_Kitchen_5,3,1,it claim small the downsid
958,Home_and_Kitchen_5,5,1,power sticki tough work thing i n't like way
959,Home_and_Kitchen_5,4,1,ice cream spade wayyyyyyyi long i keep old one
960,Home_and_Kitchen_5,1,1,it n't suck anyth i love feel fabric
961,Home_and_Kitchen_5,4,1,i got cover bunch piec furnitur i need make hous modern
962,Home_and_Kitchen_5,5,1,work expect i year i still love i one
963,Home_and_Kitchen_5,5,1,just pictur easi use the problem 's realli vacuum
964,Home_and_Kitchen_5,5,1,it run quiet elimin nois 've heard bedroom i 'm sure
965,Home_and_Kitchen_5,5,1,these egg ring exactli i want i 've mine coupl year
966,Home_and_Kitchen_5,5,1,bought go old suction cup i use small vacuum
967,Home_and_Kitchen_5,4,1,super cute look nice the problem 's kind hard put bottom
968,Home_and_Kitchen_5,5,1,i purchas compliment new teflon stovetop these work well look great
969,Home_and_Kitchen_5,4,1,the plastic tip kept come the way fix throw cup
970,Home_and_Kitchen_5,5,1,great price refil they well made last long time
971,Home_and_Kitchen_5,5,1,work promis i enjoy use materi good i larg one
972,Home_and_Kitchen_5,5,1,realli like construct look the problem 's realli vacuum
973,Home_and_Kitchen_5,5,1,i love the mug look great finish good i larg one
974,Home_and_Kitchen_5,5,1,keep coffe hot hour the reason i gave star i
975,Home_and_Kitchen_5,5,1,use starter set finish good i
976,Home_and_Kitchen_5,3,1,realli thin side make littl difficult hold the reason i gave
977,Home_and_Kitchen_5,4,1,reason price decent workmanship look great kitchen i keep review futur
978,Home_and_Kitchen_5,5,1,so cute almost look like actual tree i 'm happi size
979,Home_and_Kitchen_5,5,1,'m glad attach includ materi good i wish one
980,Home_and_Kitchen_5,4,1,hip flask work fine design bit mess i 'm sure
981,Home_and_Kitchen_5,5,1,got memori foam mattress look great i also mattress pad
982,Home_and_Kitchen_5,1,1,terribl came nice box easi assembl
983,Home_and_Kitchen_5,5,1,thi seem well made the problem come small screw driver
984,Home_and_Kitchen_5,5,1,no matter one use qualiti design veri pretti
985,Home_and_Kitchen_5,4,1,smaller i thought would littl bigger i thought
986,Home_and_Kitchen_5,5,1,my crepe never better the reason i gave star i
987,Home_and_Kitchen_5,5,1,these hanger good qualiti the problem realli color
988,Home_and_Kitchen_5,4,1,i like littl smaller i expect they bit lighter
989,Home_and_Kitchen_5,1,1,beauti soft order king size arriv thick blanket
990,Home_and_Kitchen_5,5,1,awesom littl candi make station i love look feel size
991,Home_and_Kitchen_5,5,1,let tell one best part 's strong one
992,Home_and_Kitchen_5,5,1,i got .... it look great materi good i wish one
993,Home_and_Kitchen_5,4,1,veri solid built appear well made.veri good quality.nic sturdi function
994,Home_and_Kitchen_5,5,0,veri impress i happi detail pen it hit anniversari
995,Home_and_Kitchen_5,5,0,perfect size small counter top love warm white clean retro style thank daewoo
996,Home_and_Kitchen_5,5,0,these great cloth a littl larger i prefer good qualiti thick i would recommend
997,Home_and_Kitchen_5,5,0,love coffe pot filter n't leav paper tast coffe sturdi wet drip
998,Home_and_Kitchen_5,5,0,thi exactli i look now i easili measur salt pepper recip
